name,email,full_address,cc_num,phone,make,model,milage,price
Wan Veum DDS,carrolkling@schoennienow.com,"Suite 788 3388 Tillman Burgs, Trompland, AL 55062-8273",4293047414666,1-965-485-5557,Toyota,Corolla,29105,26140
Ms. Cristobal Cole,albertha@harvey.net,"5044 Rice Shoal, East Gerryburgh, DE 34881-4415",4518-5016-0868-5172,1-303-495-8019,Honda,Civic,60058,32700
Newton Dibbert,booker@romaguera.org,"Apt. 730 32604 Watsica Greens, Reynoldsside, VA 75458-6196",4283348259399,254-703-2177 x281,Ford,Focus,14977,56754
Shawn Nikolaus DVM,rocioconn@altenwerth.biz,"Apt. 238 93863 Scottie Grove, Armstrongfurt, WV 38343-4118",5429-4824-4069-5593,1-101-924-0137 x00192,Chevy,Camero,50785,89209
Loraine Kemmer,georgeannawilliamson@grimeshamill.net,"Suite 218 496 Turcotte Islands, West Gerard, GA 19468",4194480120911,1-873-391-0218,Dodge,Challenger,43568,74056
Miss Leonia Mueller,georgie@greenfelder.name,"Apt. 928 1602 Corey Courts, Spinkachester, OK 10716",5556-2282-9448-3940,1-432-424-3301 x0930,Toyota,Prius,74951,35708
Ralph Hammes,ewa@gleason.org,"Apt. 937 273 Sebrina Prairie, Hodkiewiczchester, KS 85086-6665",6771-8950-1142-6415,1-489-894-6399 x659,Chevy,Silverado,38227,80181
Natalya Muller,johnettedickens@moore.biz,"Apt. 139 52854 Kena Road, East Jude, FL 30187",4800662924702,896.701.1867 x2017,Toyota,Prius,82833,38531
Kenny Schamberger,dino@corkeryhowe.co,"Apt. 652 513 Gus Forge, Nestormouth, ID 39247-3758",4278-9427-7644-0273,(894) 744-6672 x149,BMW,X1,83740,63697
Rosamond Powlowski,lawerence@klein.io,"Suite 304 784 Dickinson Fort, South Douglasburgh, KY 73013",4584456261782,1-803-872-3541 x8852,Chevy,Silverado,22874,59598
